{"cameraMode":{"drawMode":0,"name":"Shaded","section":"Shading Mode"},"sceneLighting":true,"audioPlay":false,"sceneViewState":{"showFog":true,"showMaterialUpdate":false,"showSkybox":true,"showFlares":true,"showImageEffects":true,"showParticleSystems":true},"in2DMode":false,"pivot":{"x":7.006316184997559,"y":0.1172948032617569,"z":-3.8890790939331056},"rotation":{"x":-0.18590889871120454,"y":0.6007683277130127,"z":-0.14626038074493409,"w":-0.7636264562606812},"size":7.207316875457764,"orthographic":false}